{"valid_loss": 0.5612303495407105, "valid auc": 0.4957057089756676, "valid Acc": 0.8010057471264366, "auc-1st": 0.022218748257303782, "epoch": 0, "_step": 49, "_runtime": 49, "_timestamp": 1612871709, "train_loss": 0.5675895810127258}