{"valid_loss": 0.04039464890956879, "valid auc": 0.8750630967618713, "valid Acc": 0.9542385057471264, "epoch": 14, "_step": 164, "_runtime": 1619, "_timestamp": 1612704256, "train_loss": 0.042135223746299744}