{"valid_loss": 0.5961926132440567, "valid auc": 0.7412376582064206, "valid Acc": 0.9015804597701149, "epoch": 14, "_step": 164, "_runtime": 398, "_timestamp": 1612704724, "train_loss": 0.547054648399353}