{"valid_loss": 0.13826172401507694, "valid auc": 0.6574540102504163, "valid Acc": 0.9570402298850577, "auc-1st": 0.8482992656221002, "epoch": 14, "_runtime": 310, "_timestamp": 1612872175, "_step": 674}