{"valid_loss": 0.21851656436920167, "valid auc": 0.5407278840832764, "valid Acc": 0.9542385057471267, "auc-1st": 0.666109918078422, "epoch": 5, "_step": 269, "_runtime": 136, "_timestamp": 1612871853, "train_loss": 0.2390156239271164}