{"valid_loss": 0.1366648219525814, "valid auc": 0.693723370183307, "valid Acc": 0.9571839080459772, "auc-1st": 0.8427317797396539, "epoch": 14, "_runtime": 465, "_timestamp": 1612872752, "_step": 1349}