{"valid_loss": 0.09766493750115236, "valid auc": 0.8030411750877827, "valid Acc": 0.969109195402299, "auc-1st": 0.937007874015748, "epoch": 14, "_runtime": 599, "_timestamp": 1612877221, "_step": 1349}