{"valid_loss": 0.10150760101775329, "valid auc": 0.8067849285105364, "valid Acc": 0.9672413793103449, "auc-1st": 0.9316524828335853, "epoch": 14, "_runtime": 594, "_timestamp": 1612875838, "_step": 1349}