{"valid_loss": 0.42530008405447006, "valid auc": 0.7758150184982004, "valid Acc": 0.2704741379310345, "epoch": 8, "_step": 98, "_runtime": 220, "_timestamp": 1612785647, "train_loss": 0.5609613656997681}