{"valid_loss": 0.13605610032876334, "valid auc": 0.6797532000816363, "valid Acc": 0.9573275862068967, "auc-1st": 0.8316233198122962, "epoch": 14, "_runtime": 589, "_timestamp": 1612873649, "_step": 1349}