{"auc-1": 0.9469895808478485, "auc-2": 0.9569498697916667, "auc-3": 0.9343880304145205, "auc-4": 0.9471943188370611, "auc-5": 0.8249515051368633, "auc-6": 0.9992391304347826, "auc-7": 0.885413424629111, "auc-8": 0.9573946360153257, "auc-9": 0.48483263598326365, "auc-10": 0.9511111111111111, "auc-11": 0.5010460251046025, "auc-12": 0.9127492877492878, "auc-13": 0.917974052211244, "auc-14": 0.9953186348535187, "auc-15": 0.6506276150627615, "auc-16": 0.9189066747206281, "auc-17": 0.6927609427609428, "auc-18": 0.9402871299707789, "auc-19": 0.24739039665970775, "auc-20": 0.9776380153738645, "auc-21": 0.7976939203354297, "auc-22": 0.9772631578947368, "auc-23": 0.9941737288135594, "auc-24": 0.9696862467563104, "auc-25": 0.84375, "auc-26": 0.8393684210526317, "auc-27": 0.7264644351464435, "auc-28": 0.9895615866388309, "auc-29": 0.6904957997035085, "valid_loss": 0.08832137882709504, "valid auc": 0.8438489763451841, "auc-1st": 0.9469895808478485, "epoch": 14, "_runtime": 613, "_timestamp": 1612946102, "_step": 1349}