{"valid_loss": 0.08857038480540116, "valid auc": 0.8431000213221399, "valid Acc": 0.9695402298850577, "auc-1st": 0.9480765661868024, "epoch": 14, "_runtime": 588, "_timestamp": 1612876435, "_step": 1349}